{
  "metadata": {
    "schemaVersion": "1.0",
    "importType": "LEX",
    "importFormat": "JSON"
  },
  "resource": {
    "description": "Bank Account Types",
    "name": "bankAcctTypes",
    "version": "1",
    "enumerationValues": [
      {
        "value": "Personal",
        "synonyms": [
          "Personal Checking Account"
        ]
      },
      {
        "value": "Joint",
        "synonyms": [
          "Joint Savings Account"
        ]
      },
      {
        "value": "Business",
        "synonyms": [
          "Business Checking Account"
        ]
      }
    ],
    "valueSelectionStrategy": "TOP_RESOLUTION"
  }
}