{
  "metadata": {
    "schemaVersion": "1.0",
    "importType": "LEX",
    "importFormat": "JSON"
  },
  "resource": {
    "name": "ProjectContractFees",
    "version": "7",
    "fulfillmentActivity": {
      "codeHook": {
        "uri": "arn:aws:lambda:us-west-2:933269243174:function:testJS",
        "messageVersion": "1.0"
      },
      "type": "CodeHook"
    },
    "sampleUtterances": [
      "How much do you normally charge to execute a Smart Contract",
      "What is your fees",
      "Do you have a cancellation option if we decide to back off from the Smart contract",
      "Do you have any penalties if we cancel the contract"
    ],
    "slots": [],
    "dialogCodeHook": {
      "uri": "arn:aws:lambda:us-west-2:933269243174:function:testJS",
      "messageVersion": "1.0"
    },
    "slotTypes": []
  }
}