{
  "metadata": {
    "schemaVersion": "1.0",
    "importType": "LEX",
    "importFormat": "JSON"
  },
  "resource": {
    "name": "ProjectCoinTypes",
    "version": "3",
    "fulfillmentActivity": {
      "codeHook": {
        "uri": "arn:aws:lambda:us-west-2:933269243174:function:projectSmartContract",
        "messageVersion": "1.0"
      },
      "type": "CodeHook"
    },
    "sampleUtterances": [
      "What Coin types do you support",
      "What Coin types are allowed for payments",
      "What currencies do you accept"
    ],
    "slots": [],
    "dialogCodeHook": {
      "uri": "arn:aws:lambda:us-west-2:933269243174:function:projectSmartContract",
      "messageVersion": "1.0"
    },
    "slotTypes": []
  }
}