{
  "metadata": {
    "schemaVersion": "1.0",
    "importType": "LEX",
    "importFormat": "JSON"
  },
  "resource": {
    "name": "ProjectContractRules",
    "version": "6",
    "fulfillmentActivity": {
      "codeHook": {
        "uri": "arn:aws:lambda:us-west-2:933269243174:function:projectSmartContract",
        "messageVersion": "1.0"
      },
      "type": "CodeHook"
    },
    "sampleUtterances": [
      "What are the set rules to initiate a Smart Contract",
      "How long it takes to close a Smart contract",
      "How long it takes normally to execute a Smart contract",
      "What tools are used to execute the Contract",
      "What actions are handled in the Contract"
    ],
    "slots": [],
    "dialogCodeHook": {
      "uri": "arn:aws:lambda:us-west-2:933269243174:function:projectSmartContract",
      "messageVersion": "1.0"
    },
    "slotTypes": []
  }
}