{
  "metadata": {
    "schemaVersion": "1.0",
    "importType": "LEX",
    "importFormat": "JSON"
  },
  "resource": {
    "name": "ProjectContractPeriod",
    "version": "5",
    "fulfillmentActivity": {
      "codeHook": {
        "uri": "arn:aws:lambda:us-west-2:933269243174:function:projectSmartContract",
        "messageVersion": "1.0"
      },
      "type": "CodeHook"
    },
    "sampleUtterances": [
      "What is the length of the Contract",
      "What is the duration of the Contract",
      "When does the Contract begins",
      "When does the Contract ends"
    ],
    "slots": [],
    "dialogCodeHook": {
      "uri": "arn:aws:lambda:us-west-2:933269243174:function:projectSmartContract",
      "messageVersion": "1.0"
    },
    "slotTypes": []
  }
}